Year,Block,Treatment,Field Name,Field Area,Crop,Quantity,Yield/ha,Defra SE regional average yield t/ha,Ratio,Notes,,,,
2006,1,Cross-compliance,Chorleys,13.57,Oilseed rape,49.39,3.64,3.2,1.138,,,,,
2006,1,Cross-compliance,Marsh Meadow,12.18,Oilseed rape,45.55,3.74,3.2,1.169,,,,,
2006,1,Cross-compliance,Old House Ground,15.87,Oilseed rape,60.03,3.783,3.2,1.182,,,,,
2006,1,ELS,Dry leys,11.76,Oilseed rape,42.57,3.62,3.2,1.131,,,,,
2006,1,ELS,Ox Pen,21.48,Oilseed rape,79.48,3.7,3.2,1.156,,,,,
2006,1,ELS,Prisnel,9.09,Oilseed rape,33.72,3.71,3.2,1.159,,,,,
2006,1,ELS,Thieves Den,9.43,Oilseed rape,29.52,3.13,3.2,0.978,,,,,
2006,1,ELS extra,Berry Field,4.16,Oilseed rape,13.15,3.161,3.2,0.988,,,,,
2006,1,ELS extra,Keepers,9.03,Beans,31.37,3.474,3.4,1.022,National NOT regional yield data,,,,
2006,1,ELS extra,Poplars,4,Oilseed rape,10.12,2.53,3.2,0.791,,,,,
2006,1,ELS extra,Rowley Hill,14.26,Oilseed rape,47.91,3.36,3.2,1.05,,,,,
2006,1,ELS extra,Rowley Meadow,11.47,Oilseed Rape,35.44,3.09,3.2,0.966,,,,,
2006,2,Cross-compliance,Madkins,18.18,Beans,57.36,3.155,3.4,0.928,National NOT regional yield data,,,,
2006,2,Cross-compliance,Morgans,6.84,Beans,22.1,3.231,3.4,0.95,National NOT regional yield data,,,,
2006,2,Cross-compliance,Playing Field,18.06,Beans,53.22,2.947,3.4,0.867,National NOT regional yield data,,,,
2006,2,ELS,Barracks,14.27,Oilseed rape,46.66,3.27,3.2,1.022,,,,,
2006,2,ELS,Down Way,18.01,Oilseed rape,52.41,2.91,3.2,0.909,,,,,
2006,2,ELS,Shed Field,24.37,Oilseed rape,77.01,3.16,3.2,0.988,,,,,
2006,2,ELS extra,Bridleway,6.59,Beans,21.48,3.259,3.4,0.959,National NOT regional yield data,,,,
2006,2,ELS extra,Gawcott,17.03,Beans,59.93,3.519,3.4,1.035,National NOT regional yield data,,,,
2006,2,ELS extra,Mount Pleasant,7.06,Oilseed rape,19.13,2.71,3.2,0.847,,,,,
2006,2,ELS extra,Ropers,9.72,Beans,34.73,3.573,3.4,1.051,National NOT regional yield data,,,,
2006,3,Cross-compliance,Dairy Ground,7.03,Oilseed rape,19.82,2.819,3.2,0.881,,,,,
2006,3,Cross-compliance,Groves,22.81,Oilseed rape,67.29,2.95,3.2,0.922,,,,,
2006,3,Cross-compliance,Lampers Den,14.91,Oilseed rape,49.8,3.34,3.2,1.044,,,,,
2006,3,Cross-compliance,Lang Ground,13.64,Oilseed rape,39.97,2.93,3.2,0.916,,,,,
2006,3,ELS,Fox Clover,8.23,Oilseed rape,25.51,3.1,3.2,0.969,,,,,
2006,3,ELS,Rimler North,5.63,Oilseed rape,18.64,3.311,3.2,1.035,,,,,
2006,3,ELS,Rimler South,11.55,Oilseed rape,39.15,3.39,3.2,1.059,,,,,
2006,3,ELS,Sand Pit,7.02,Oilseed rape,17.55,2.5,3.2,0.781,,,,,
2006,3,ELS extra,Drier Field,12.46,Oilseed rape,37.38,3,3.2,0.938,,,,,
2006,3,ELS extra,Home Paddock,2.16,Oilseed rape,5.53,2.56,3.2,0.8,,,,,
2006,3,ELS extra,Long Meadow,8.66,Oilseed rape,18.97,2.191,3.2,0.685,,,,,
2006,3,ELS extra,Silver Lea,12.65,Oilseed rape,29.47,2.33,3.2,0.728,,,,,
2006,3,ELS extra,Slade,8.67,Oilseed rape,23.24,2.681,3.2,0.838,,,,,
2006,4,Cross-compliance,Lower Warren,10.13,Wheat,74.12,7.317,8,0.915,,,,,
2006,4,Cross-compliance,Ram Hill,11.58,Wheat,115.5,9.974,8,1.247,,,,,
2006,4,Cross-compliance,Sweet Plat,13.7,Wheat,126.82,9.257,8,1.157,,,,,
2006,4,Cross-compliance,Top warren,8.56,Wheat,60.4,7.056,8,0.882,,,,,
2006,4,ELS,Blackthorn Lane,14.56,Wheat,125.6,8.626,8,1.078,,,,,
2006,4,ELS,Charlies,15.82,Wheat,149.51,9.451,8,1.181,,,,,
2006,4,ELS,Planks,15.62,Wheat,139.68,8.942,8,1.118,,,,,
2006,4,ELS,Rushy Mead,12.83,Wheat,110.27,8.595,8,1.074,,,,,
2006,4,ELS extra,Churchill meadow,18.8,Wheat,163.63,8.704,8,1.088,,,,,
2006,4,ELS extra,Plamers Hill,21.11,Wheat,196.26,9.297,8,1.162,,,,,
2006,4,ELS extra,Richardsons,14.55,Wheat,132.33,9.095,8,1.137,,,,,
2006,5,Cross-compliance,Great Ground East,12.29,Wheat,106.4,8.657,8,1.082,,,,,
2006,5,Cross-compliance,Great Ground West,26.17,Wheat,236.07,9.021,8,1.128,,,,,
2006,5,Cross-compliance,Ivy Ground,16.36,Wheat,142.48,8.709,8,1.089,,,,,
2006,5,ELS,Cow House,3.39,Wheat,28.15,8.304,8,1.038,,,,,
2006,5,ELS,Dicksons,10.19,Wheat,82.39,8.085,8,1.011,,,,,
2006,5,ELS,East Field,7.07,Wheat,64.25,9.088,8,1.136,,,,,
2006,5,ELS,Syd's Piece,15.73,Wheat,125.9,8.004,8,1.001,,,,,
2006,5,ELS,Tithe Meadow,23.39,Wheat,185.57,7.934,8,0.992,,,,,
2006,5,ELS extra,Hill Leys,26.7,Wheat,245.22,9.184,8,1.148,,,,,
2006,5,ELS extra,Owl House,9.42,Wheat,89.33,9.483,8,1.185,,,,,
2006,5,ELS extra,Snipe Hill,28.43,Wheat,268.88,9.458,8,1.182,,,,,
2007,1,Cross-compliance,Chorleys,13.57,Wheat,118.07,8.701,7.2,1.208,,,,,
2007,1,Cross-compliance,Marsh Meadow,12.18,Wheat,108.04,8.87,7.2,1.232,,,,,
2007,1,Cross-compliance,Old House Ground,15.87,Wheat,144.08,9.079,7.2,1.261,,,,,
2007,1,ELS,Dry leys,11.76,Wheat,103.61,8.81,7.2,1.224,,,,,
2007,1,ELS,Ox Pen,21.48,Wheat,162.05,7.544,7.2,1.048,,,,,
2007,1,ELS,Prisnel,9.09,Wheat,47.38,5.212,7.2,0.724,,,,,
2007,1,ELS,Thieves Den,9.43,Wheat,71.89,7.624,7.2,1.059,,,,,
2007,1,ELS extra,Berry Field,4.16,Wheat,30.41,7.31,7.2,1.015,,,,,
2007,1,ELS extra,Keepers,9.03,Wheat,77.72,8.607,7.2,1.195,,,,,
2007,1,ELS extra,Poplars,4,Wheat,27.97,6.992,7.2,0.971,,,,,
2007,1,ELS extra,Rowley Hill,14.26,Wheat,110.43,7.744,7.2,1.076,,,,,
2007,1,ELS extra,Rowley Meadow,11.47,Wheat,98.87,8.62,7.2,1.197,,,,,
2007,2,Cross-compliance,Madkins,18.18,Wheat,158.76,8.733,7.2,1.213,,,,,
2007,2,Cross-compliance,Morgans,6.84,Wheat,55.59,8.273,7.2,1.149,,,,,
2007,2,Cross-compliance,Playing Field,18.06,Wheat,160.17,8.869,7.2,1.232,,,,,
2007,2,ELS,Barracks,14.27,Wheat,118.52,8.306,7.2,1.154,,,,,
2007,2,ELS,Down Way,18.01,Wheat,141.75,7.871,7.2,1.093,,,,,
2007,2,ELS,Shed Field,24.37,Wheat,203.78,8.362,7.2,1.161,,,,,
2007,2,ELS extra,Bridleway,6.59,Wheat,51.52,7.818,7.2,1.086,,,,,
2007,2,ELS extra,Gawcott,17.03,Wheat,141.54,8.311,7.2,1.154,,,,,
2007,2,ELS extra,Mount Pleasant,7.06,Wheat,48.28,6.839,7.2,0.95,,,,,
2007,2,ELS extra,Ropers,9.72,Wheat,81.35,8.369,7.2,1.162,,,,,
2007,3,Cross-compliance,Dairy Ground,7.03,Wheat,53.97,7.677,7.2,1.066,,,,,
2007,3,Cross-compliance,Groves,22.81,Wheat,177.41,7.778,7.2,1.08,,,,,
2007,3,Cross-compliance,Lampers Den,14.91,Wheat,111.81,7.499,7.2,1.042,,,,,
2007,3,Cross-compliance,Lang Ground,13.64,Wheat,104.87,7.688,7.2,1.068,,,,,
2007,3,ELS,Fox Clover,8.23,Wheat,62.65,7.612,7.2,1.057,,,,,
2007,3,ELS,Rimler North,5.63,Wheat,50.36,8.945,7.2,1.242,,,,,
2007,3,ELS,Rimler South,11.55,Wheat,94.43,8.176,7.2,1.136,,,,,
2007,3,ELS,Sand Pit,5.9,Wheat,48.39,8.202,7.2,1.139,,,,,
2007,3,ELS extra,Drier Field,12.46,Wheat,109.06,8.753,7.2,1.216,,,,,
2007,3,ELS extra,Home Paddock,2.16,Wheat,16.42,7.602,7.2,1.056,,,,,
2007,3,ELS extra,Long Meadow,8.66,Wheat,73.8,8.522,7.2,1.184,,,,,
2007,3,ELS extra,Silver Lea,12.65,Wheat,101.86,8.052,7.2,1.118,,,,,
2007,3,ELS extra,Slade,8.67,Wheat,68.23,7.87,7.2,1.093,,,,,
2007,4,Cross-compliance,Lower Warren,10.13,Oilseed rape,27.52,2.717,3,0.906,,,,,
2007,4,Cross-compliance,Ram Hill,11.58,Oilseed rape,30.16,2.604,3,0.868,,,,,
2007,4,Cross-compliance,Sweet Plat,13.7,Oilseed rape,32.09,2.342,3,0.781,,,,,
2007,4,Cross-compliance,Top warren,8.56,Oilseed rape,22.18,2.591,3,0.864,,,,,
2007,4,ELS,Blackthorn Lane,14.56,Oilseed rape,34.52,2.371,3,0.79,,,,,
2007,4,ELS,Charlies,15.82,Oilseed rape,35.48,2.243,3,0.748,,,,,
2007,4,ELS,Planks,15.62,Oilseed rape,37.24,2.384,3,0.795,,,,,
2007,4,ELS,Rushy Mead,12.83,Oilseed rape,32.79,2.556,3,0.852,,,,,
2007,4,ELS extra,Churchill meadow,18.8,Oilseed rape,47.86,2.546,3,0.849,,,,,
2007,4,ELS extra,Plamers Hill,21.11,Oilseed rape,69.45,3.29,3,1.097,,,,,
2007,4,ELS extra,Richardsons,14.55,Oilseed rape,38.74,2.663,3,0.888,,,,,
2007,5,Cross-compliance,Great Ground East,12.29,Oilseed rape,37.37,3.041,3,1.014,,,,,
2007,5,Cross-compliance,Great Ground West,26.17,Oilseed rape,86.85,3.319,3,1.106,,,,,
2007,5,Cross-compliance,Ivy Ground,16.36,Oilseed rape,51.84,3.169,3,1.056,,,,,
2007,5,ELS,Cow House,3.39,Oilseed rape,10.66,3.145,3,1.048,,,,,
2007,5,ELS,Dicksons,10.19,Oilseed rape,31.87,3.128,3,1.043,,,,,
2007,5,ELS,East Field,7.07,Beans,17.52,2.478,3,0.826,National NOT regional yield data,,,,
2007,5,ELS,Syd's Piece,15.73,Oilseed rape,39.91,2.537,3,0.846,,,,,
2007,5,ELS,Tithe Meadow,23.39,Oilseed rape,78.89,3.373,3,1.124,,,,,
2007,5,ELS extra,Hill Leys,26.7,Beans,81.98,3.07,3,1.023,National NOT regional yield data,,,,
2007,5,ELS extra,Owl House,9.42,Beans,20.96,2.225,3,0.742,National NOT regional yield data,,,,
2007,5,ELS extra,Snipe Hill,28.43,Beans,83.61,2.941,3,0.98,National NOT regional yield data,,,,
2008,1,Cross-compliance,Chorleys,12.89,Oilseed rape,47.693,3.7,3.1,1.194,,,,,
2008,1,Cross-compliance,Marsh Meadow,11.7,Oilseed rape,43.29,3.7,3.1,1.194,,,,,
2008,1,Cross-compliance,Old House Ground,15.3,Oilseed rape,58.14,3.8,3.1,1.226,,,,,
2008,1,ELS,Dry leys,11.25,Oilseed rape,41.625,3.7,3.1,1.194,,,,,
2008,1,ELS,Ox Pen,20.19,Oilseed rape,74.703,3.7,3.1,1.194,,,,,
2008,1,ELS,Prisnel,8.69,Oilseed rape,32.153,3.7,3.1,1.194,,,,,
2008,1,ELS,Thieves Den,8.78,Wheat_2nd,65.43,7.452,8.3,0.898,,,,,
2008,1,ELS extra,Berry Field,3.81,Oilseed rape,14.097,3.7,3.1,1.194,,,,,
2008,1,ELS extra,Keepers,8.13,Oilseed rape,30.081,3.7,3.1,1.194,,,,,
2008,1,ELS extra,Poplars,3.36,Oilseed rape,12.432,3.7,3.1,1.194,,,,,
2008,1,ELS extra,Rowley Hill,13.66,Wheat_2nd,118.95,8.708,8.3,1.049,,,,,
2008,1,ELS extra,Rowley Meadow,11.01,Wheat,87.12,7.913,8.3,0.953,,,,,
2008,2,Cross-compliance,Madkins,17.53,Oilseed rape,64.861,3.7,3.1,1.194,,,,,
2008,2,Cross-compliance,Morgans,6.43,Oilseed rape,23.791,3.7,3.1,1.194,,,,,
2008,2,Cross-compliance,Playing Field,17.65,Oilseed rape,65.305,3.7,3.1,1.194,,,,,
2008,2,ELS,Barracks,13.43,Oilseed rape,49.691,3.7,3.1,1.194,,,,,
2008,2,ELS,Down Way,17.03,Oilseed rape,63.011,3.7,3.1,1.194,,,,,
2008,2,ELS,Shed Field,23.23,Oilseed rape,85.951,3.7,3.1,1.194,,,,,
2008,2,ELS extra,Bridleway,5.99,Oilseed rape,22.163,3.7,3.1,1.194,,,,,
2008,2,ELS extra,Gawcott,16.54,Oilseed rape,61.198,3.7,3.1,1.194,,,,,
2008,2,ELS extra,Mount Pleasant,6.53,Oilseed rape,24.161,3.7,3.1,1.194,,,,,
2008,2,ELS extra,Ropers,9.39,Oilseed rape,34.743,3.7,3.1,1.194,,,,,
2008,3,Cross-compliance,Dairy Ground,6.67,Wheat_2nd,48.14,7.217,8.3,0.87,,,,,
2008,3,Cross-compliance,Groves,21.77,Wheat_2nd,163.275,7.5,8.3,0.904,,,,,
2008,3,Cross-compliance,Lampers Den,14.71,Wheat_2nd,108.28,7.361,8.3,0.887,,,,,
2008,3,Cross-compliance,Lang Ground,13.2,Oilseed rape,48.84,3.7,3.1,1.194,,,,,
2008,3,ELS,Fox Clover,7.62,Beans,32.8,4.304,4.5,0.956,National NOT regional yield data,,,,
2008,3,ELS,Rimler North,5.45,Beans,21.5,3.945,4.5,0.877,National NOT regional yield data,,,,
2008,3,ELS,Rimler South,11.28,Beans,41.9,3.715,4.5,0.826,National NOT regional yield data,,,,
2008,3,ELS,Sand Pit,5.8,Wheat_2nd,41.86,7.217,8.3,0.87,,,,,
2008,3,ELS extra,Drier Field,12.54,Beans,57.3,4.569,4.5,1.015,National NOT regional yield data,,,,
2008,3,ELS extra,Home Paddock,2.21,Beans,10.7,4.842,4.5,1.076,National NOT regional yield data,,,,
2008,3,ELS extra,Long Meadow,8.5,Beans,32.9,3.871,4.5,0.86,National NOT regional yield data,,,,
2008,3,ELS extra,Silver Lea,11.73,Beans,61,5.2,4.5,1.156,National NOT regional yield data,,,,
2008,3,ELS extra,Slade,7.93,Beans,35.7,4.502,4.5,1,National NOT regional yield data,,,,
2008,4,Cross-compliance,Lower Warren,9.85,Wheat,102.81,10.438,8.3,1.258,,,,,
2008,4,Cross-compliance,Ram Hill,10.96,Wheat,119.79,10.93,8.3,1.317,,,,,
2008,4,Cross-compliance,Sweet Plat,12.07,Wheat,127.28,10.545,8.3,1.27,,,,,
2008,4,Cross-compliance,Top warren,8.12,Wheat,87.78,10.81,8.3,1.302,,,,,
2008,4,ELS,Blackthorn Lane,14.12,Wheat,154.44,10.938,8.3,1.318,,,,,
2008,4,ELS,Charlies,15.59,Wheat,169.55,10.876,8.3,1.31,,,,,
2008,4,ELS,Planks,15.1,Wheat,169.29,11.211,8.3,1.351,,,,,
2008,4,ELS,Rushy Mead,12.22,Wheat,121.6,9.951,8.3,1.199,,,,,
2008,4,ELS extra,Churchill meadow,18.24,Wheat,190,10.417,8.3,1.255,,,,,
2008,4,ELS extra,Plamers Hill,20.95,Wheat,211,10.072,8.3,1.213,,,,,
2008,4,ELS extra,Richardsons,14.38,Wheat,150.99,10.5,8.3,1.265,,,,,
2008,5,Cross-compliance,Great Ground East,11.76,Wheat,127.9,10.876,8.3,1.31,,,,,
2008,5,Cross-compliance,Great Ground West,25.32,Wheat,290,11.453,8.3,1.38,,,,,
2008,5,Cross-compliance,Ivy Ground,15.77,Wheat,162,10.273,8.3,1.238,,,,,
2008,5,ELS,Cow House,3.31,Wheat,35.5,10.725,8.3,1.292,,,,,
2008,5,ELS,Dicksons,9.73,Wheat,94.81,9.744,8.3,1.174,,,,,
2008,5,ELS,East Field,6.67,Wheat,80.55,12.076,8.3,1.455,,,,,
2008,5,ELS,Syd's Piece,14.65,Wheat,110,7.509,8.3,0.905,,,,,
2008,5,ELS,Tithe Meadow,22.24,Wheat,209,9.397,8.3,1.132,,,,,
2008,5,ELS extra,Hill Leys,25.63,Wheat,262.43,10.239,8.3,1.234,,,,,
2008,5,ELS extra,Owl House,8.77,Wheat,93.92,10.709,8.3,1.29,,,,,
2008,5,ELS extra,Snipe Hill,27.6,Wheat,269,9.746,8.3,1.174,,,,,
2009,1,Cross-compliance,Chorleys,12.89,Wheat,141.79,11,8.2,1.341,,,,,
2009,1,Cross-compliance,Marsh Meadow,11.7,Wheat,139,11.88,8.2,1.449,,,,,
2009,1,Cross-compliance,Old House Ground,15.3,Wheat,186,12.157,8.2,1.483,,,,,
2009,1,ELS,Dry leys,11.25,Wheat,135,12,8.2,1.463,,,,,
2009,1,ELS,Ox Pen,20.19,Wheat,246,12.184,8.2,1.486,,,,,
2009,1,ELS,Prisnel,8.69,Wheat,97,11.162,8.2,1.361,,,,,
2009,1,ELS,Thieves Den,8.78,Oilseed rape,26.34,3,3.4,0.882,,,,,
2009,1,ELS extra,Berry Field,3.81,Wheat,40,10.499,8.2,1.28,,,,,
2009,1,ELS extra,Keepers,8.13,Wheat,94,11.562,8.2,1.41,,,,,
2009,1,ELS extra,Poplars,3.36,Wheat,36,10.714,8.2,1.307,,,,,
2009,1,ELS extra,Rowley Hill,13.66,Oilseed rape,44,3.221,3.4,0.947,,,,,
2009,1,ELS extra,Rowley Meadow,11.01,Oilseed Rape,36,3.27,3.4,0.962,,,,,
2009,2,Cross-compliance,Madkins,17.53,Wheat,201,11.466,8.2,1.398,,,,,
2009,2,Cross-compliance,Morgans,6.43,Wheat,68,10.575,8.2,1.29,,,,,
2009,2,Cross-compliance,Playing Field,17.65,Wheat,207,11.278,8.2,1.375,,,,,
2009,2,ELS,Barracks,13.43,Wheat_2nd,164,12.211,8.2,1.489,,,,,
2009,2,ELS,Down Way,17.03,Wheat,198,11.627,8.2,1.418,,,,,
2009,2,ELS,Shed Field,23.23,Wheat,259,11.149,8.2,1.36,,,,,
2009,2,ELS extra,Bridleway,5.99,Wheat,67,11.185,8.2,1.364,,,,,
2009,2,ELS extra,Gawcott,16.54,Wheat,184,11.125,8.2,1.357,,,,,
2009,2,ELS extra,Mount Pleasant,6.53,Wheat,69,10.567,8.2,1.289,,,,,
2009,2,ELS extra,Ropers,9.39,Wheat,100,10.65,8.2,1.299,,,,,
2009,3,Cross-compliance,Dairy Ground,6.67,Oilseed rape,20.01,3,3.4,0.882,,,,,
2009,3,Cross-compliance,Groves,21.77,Oilseed rape,63,2.894,3.4,0.851,,,,,
2009,3,Cross-compliance,Lampers Den,14.71,Oilseed rape,44.13,3,3.4,0.882,,,,,
2009,3,Cross-compliance,Lang Ground,13.2,Wheat,128,9.697,8.2,1.183,,,,,
2009,3,ELS,Fox Clover,7.62,Wheat,86,11.286,8.2,1.376,,,,,
2009,3,ELS,Rimler North,5.45,Wheat,60,11.009,8.2,1.343,,,,,
2009,3,ELS,Rimler South,11.28,Wheat,118,10.461,8.2,1.276,,,,,
2009,3,ELS,Sand Pit,5.8,Oilseed rape,17.4,3,3.4,0.882,,,,,
2009,3,ELS extra,Drier Field,12.54,Wheat,155,12.36,8.2,1.507,,,,,
2009,3,ELS extra,Home Paddock,2.21,Wheat,23,10.407,8.2,1.269,,,,,
2009,3,ELS extra,Long Meadow,8.5,Wheat,92,10.824,8.2,1.32,,,,,
2009,3,ELS extra,Silver Lea,11.73,Wheat,140,11.935,8.2,1.455,,,,,
2009,3,ELS extra,Slade,7.93,Wheat,86,10.845,8.2,1.323,,,,,
2009,4,Cross-compliance,Lower Warren,9.85,Beans,14,1.421,3.7,0.384,National NOT regional yield data,,,,
2009,4,Cross-compliance,Ram Hill,10.96,Beans,20,1.825,3.7,0.493,National NOT regional yield data,,,,
2009,4,Cross-compliance,Sweet Plat,12.07,Beans,27,2.237,3.7,0.605,National NOT regional yield data,,,,
2009,4,Cross-compliance,Top warren,8.12,Beans,27,3.325,3.7,0.899,National NOT regional yield data,,,,
2009,4,ELS,Blackthorn Lane,14.12,Oilseed rape,33,2.337,3.4,0.687,,,,,
2009,4,ELS,Charlies,15.59,Oilseed rape,30,1.924,3.4,0.566,,,,,
2009,4,ELS,Planks,15.1,Oilseed rape,30,1.987,3.4,0.584,,,,,
2009,4,ELS,Rushy Mead,12.22,Beans,51,4.173,3.7,1.128,National NOT regional yield data,,,,
2009,4,ELS extra,Churchill meadow,18.24,Oilseed rape,54.72,3,3.4,0.882,,,,,
2009,4,ELS extra,Palmers Hill,20.95,Oilseed rape,84,4.01,3.4,1.179,,,,,
2009,4,ELS extra,Richardsons,14.38,Oilseed rape,45,3.133,3.4,0.921,,,,,
2009,5,Cross-compliance,Great Ground East,11.76,Beans,12,1.02,3.7,0.276,National NOT regional yield data,,,,
2009,5,Cross-compliance,Great Ground West,25.32,Beans,64,2.528,3.7,0.683,National NOT regional yield data,,,,
2009,5,Cross-compliance,Ivy Ground,15.77,Beans,19,1.205,3.7,0.326,National NOT regional yield data,,,,
2009,5,ELS,Cow House,3.31,Beans,6,1.813,3.7,0.49,National NOT regional yield data,,,,
2009,5,ELS,Dicksons,9.73,Beans,32,3.289,3.7,0.889,National NOT regional yield data,,,,
2009,5,ELS,East Field,6.67,Oilseed rape,19,2.849,3.4,0.838,,,,,
2009,5,ELS,Tithe Meadow,22.24,Beans,55,2.473,3.7,0.668,National NOT regional yield data,,,,
2009,5,ELS extra,Hill Leys.A,15,Oilseed rape,48,3.2,3.4,0.941,,,,,
2009,5,ELS extra,Hill Leys.B,10.63,Beans,6.5,0.611,3.7,0.165,National NOT regional yield data,,,,
2009,5,ELS extra,Owl House,8.77,Oilseed rape,31,3.535,3.4,1.04,,,,,
2009,5,ELS extra,Snipe Hill,27.6,Beans,83,3.007,3.7,0.813,National NOT regional yield data,,,,
2010,1,Cross-compliance,Chorleys,12.89,Beans,39,3.026,3.5,0.865,National NOT regional yield data,,,,
2010,1,Cross-compliance,Marsh Meadow,11.7,Beans,34,2.906,3.5,0.83,National NOT regional yield data,,,,
2010,1,Cross-compliance,Old House Ground,15.3,Beans,55,3.595,3.5,1.027,National NOT regional yield data,,,,
2010,1,ELS,Dry leys,11.25,Beans,45,4,3.5,1.143,National NOT regional yield data,,,,
2010,1,ELS,Ox Pen,20.19,Beans,70,3.467,3.5,0.991,National NOT regional yield data,,,,
2010,1,ELS,Prisnel,8.69,Beans,41,4.718,3.5,1.348,National NOT regional yield data,,,,
2010,1,ELS,Thieves Den,8.78,Wheat,86,9.545,7.9,1.208,,,,,
2010,1,ELS extra,Berry Field,3.81,Oilseed rape,14,3.675,3.6,1.021,,,,,
2010,1,ELS extra,Keepers,8.13,Oilseed rape,31,3.813,3.6,1.059,,,,,
2010,1,ELS extra,Poplars,3.36,Oilseed rape,10.8,3.214,3.6,0.893,,,,,
2010,1,ELS extra,Rowley Hill,13.66,Wheat,133,9.236,7.9,1.169,,,,,
2010,1,ELS extra,Rowley Meadow,11.01,Wheat,101,9.352,7.9,1.184,,,,,
2010,2,Cross-compliance,Madkins,17.53,Oilseed rape,63.5,3.622,3.6,1.006,,,,,
2010,2,Cross-compliance,Morgans,6.43,Oilseed rape,21.7,3.375,3.6,0.938,,,,,
2010,2,Cross-compliance,Playing Field,17.65,Oilseed rape,70,3.966,3.6,1.102,,,,,
2010,2,ELS,Barracks,13.43,Oilseed rape,50.3,3.745,3.6,1.04,,,,,
2010,2,ELS,Down Way,17.03,Oilseed rape,63,3.699,3.6,1.028,,,,,
2010,2,ELS,Shed Field,23.23,Oilseed rape,53,4.518,3.6,1.255,,,,,
2010,2,ELS extra,Bridleway,5.99,Oilseed rape,22.2,3.706,3.6,1.029,,,,,
2010,2,ELS extra,Gawcott,16.54,Oilseed rape,58.4,3.531,3.6,0.981,,,,,
2010,2,ELS extra,Mount Pleasant,6.53,Oilseed rape,24.7,3.783,3.6,1.051,,,,,
2010,2,ELS extra,Ropers,9.39,Oilseed rape,34.5,3.674,3.6,1.021,,,,,
2010,3,Cross-compliance,Dairy Ground,6.67,Wheat,47,6.812,7.9,0.862,,,,,
2010,3,Cross-compliance,Groves,21.77,Wheat,173,8.122,7.9,1.028,,,,,
2010,3,Cross-compliance,Lampers Den,14.71,Wheat,113,7.958,7.9,1.007,,,,,
2010,3,Cross-compliance,Lang Ground,13.2,Oilseed rape,38.6,2.924,3.6,0.812,,,,,
2010,3,ELS,Fox Clover,7.62,Oilseed rape,33,4.37,3.6,1.214,,,,,
2010,3,ELS,Rimler North,5.45,Oilseed rape,25.8,4.734,3.6,1.315,,,,,
2010,3,ELS,Rimler South,11.28,Oilseed rape,52.8,4.681,3.6,1.3,,,,,
2010,3,ELS,Sand Pit,5.8,Wheat,50,8.292,7.9,1.05,,,,,
2010,3,ELS extra,Drier Field,12.54,Oilseed rape,60,4.785,3.6,1.329,,,,,
2010,3,ELS extra,Home Paddock,2.21,Oilseed rape,9.5,4.299,3.6,1.194,,,,,
2010,3,ELS extra,Long Meadow,8.5,Oilseed rape,45,5.294,3.6,1.471,,,,,
2010,3,ELS extra,Silver Lea,11.73,Oilseed rape,89,3.831,3.6,1.064,,,,,
2010,3,ELS extra,Slade,7.93,Oilseed rape,38.3,4.83,3.6,1.342,,,,,
2010,4,Cross-compliance,Lower Warren,9.85,Wheat,65,6.436,7.9,0.815,,,,,
2010,4,Cross-compliance,Ram Hill,10.96,Wheat,96,8.571,7.9,1.085,,,,,
2010,4,Cross-compliance,Sweet Plat,12.07,Wheat,114.75,9,7.9,1.139,,,,,
2010,4,Cross-compliance,Top warren,8.12,Wheat,80,9.756,7.9,1.235,,,,,
2010,4,ELS,Blackthorn Lane,14.12,Wheat,140,9.655,7.9,1.222,,,,,
2010,4,ELS,Charlies,15.59,Wheat,167,10.25,7.9,1.297,,,,,
2010,4,ELS,Planks,15.1,Wheat,135,8.94,7.9,1.132,,,,,
2010,4,ELS,Rushy Mead,12.22,Wheat,119,9.52,7.9,1.205,,,,,
2010,4,ELS extra,Churchill meadow,18.24,Wheat,192,10.323,7.9,1.307,,,,,
2010,4,ELS extra,Palmers Hill,20.95,Wheat,222,10.423,7.9,1.319,,,,,
2010,4,ELS extra,Richardsons,14.38,Wheat,105,7.394,7.9,0.936,,,,,
2010,5,Cross-compliance,Great Ground East,11.76,Wheat,108,9,7.9,1.139,,,,,
2010,5,Cross-compliance,Great Ground West,25.32,Wheat,264,10.193,7.9,1.29,,,,,
2010,5,Cross-compliance,Ivy Ground,15.77,Wheat,183.54,11.4,7.9,1.443,,,,,
2010,5,ELS,Cow House,3.31,Wheat,36,10.588,7.9,1.34,,,,,
2010,5,ELS,Dicksons,9.73,Wheat,98,10.072,7.9,1.275,,,,,
2010,5,ELS,East Field,6.67,Wheat,67,9.7,7.9,1.228,,,,,
2010,5,ELS,Syd's Piece,14.65,Wheat,136,9.189,7.9,1.163,,,,,
2010,5,ELS,Tithe Meadow,22.24,Wheat,242,10.661,7.9,1.349,,,,,
2010,5,ELS extra,Hill Leys.A,26.85,Wheat,242,9.013,7.9,1.141,,,,,
2010,5,ELS extra,Owl House,8.77,Wheat,88,9.888,7.9,1.252,,,,,
2010,5,ELS extra,Snipe Hill,27.6,Wheat,255.24,9,7.9,1.139,,,,,
2011,1,Cross-compliance,Chorleys,12.89,Wheat,137.2,10.644,8,1.33,,,,,
2011,1,Cross-compliance,Marsh Meadow,11.7,Wheat,129.3,11.051,8,1.381,,,,,
2011,1,Cross-compliance,Old House Ground,15.3,Wheat,181.3,11.85,8,1.481,,,,,
2011,1,ELS,Dry leys,11.25,Wheat,109.7,9.751,8,1.219,,,,,
2011,1,ELS,Ox Pen,20.19,Wheat,226.3,11.209,8,1.401,,,,,
2011,1,ELS,Prisnel,8.69,Wheat,106.8,12.29,8,1.536,,,,,
2011,1,ELS,Thieves Den,8.78,Oilseed rape,46.5,5.296,4,1.324,,,,,
2011,1,ELS extra,Berry Field,3.81,Wheat,41,10.761,8,1.345,,,,,
2011,1,ELS extra,Keepers,8.13,Wheat,95,11.685,8,1.461,,,,,
2011,1,ELS extra,Poplars,3.36,Wheat,37,11.012,8,1.376,,,,,
2011,1,ELS extra,Rowley Hill,13.66,Oilseed rape,81,5.93,4,1.482,,,,,
2011,1,ELS extra,Rowley Meadow,10.8,Oilseed Rape,56.25,5.208,4,1.302,,,,,
2011,2,Cross-compliance,Madkins,17.53,Wheat,180,10.268,8,1.284,,,,,
2011,2,Cross-compliance,Morgans,6.43,Wheat,72,11.198,8,1.4,,,,,
2011,2,Cross-compliance,Playing Field,17.65,Wheat,186,10.538,8,1.317,,,,,
2011,2,ELS,Barracks,13.43,Wheat,153,11.392,8,1.424,,,,,
2011,2,ELS,Down Way,17.03,Wheat,200,11.744,8,1.468,,,,,
2011,2,ELS,Shed Field,23.23,Wheat,273,11.752,8,1.469,,,,,
2011,2,ELS extra,Bridleway,5.99,Wheat,67.62,11.289,8,1.411,,,,,
2011,2,ELS extra,Gawcott,16.54,Wheat,169,10.218,8,1.277,,,,,
2011,2,ELS extra,Mount Pleasant,6.53,Wheat,75.4,11.547,8,1.443,,,,,
2011,2,ELS extra,Ropers,9.39,Wheat,95,10.117,8,1.265,,,,,
2011,3,Cross-compliance,Dairy Ground,6.67,Oilseed rape,33.75,5.06,4,1.265,,,,,
2011,3,Cross-compliance,Groves,21.77,Oilseed rape,105.75,4.858,4,1.214,,,,,
2011,3,Cross-compliance,Lampers Den,14.71,Oilseed rape,56.25,3.824,4,0.956,,,,,
2011,3,Cross-compliance,Lang Ground,13.2,Wheat,151,11.439,8,1.43,,,,,
2011,3,ELS,Fox Clover,7.62,Wheat,84.2,11.05,8,1.381,,,,,
2011,3,ELS,Rimler North,5.45,Wheat,54.8,10.055,8,1.257,,,,,
2011,3,ELS,Rimler South,11.28,Wheat,107.8,9.557,8,1.195,,,,,
2011,3,ELS,Sand Pit,5.8,Oilseed rape,28.5,4.914,4,1.228,,,,,
2011,3,ELS extra,Drier Field,12.54,Wheat,151,12.041,8,1.505,,,,,
2011,3,ELS extra,Home Paddock,2.21,Wheat,27,12.217,8,1.527,,,,,
2011,3,ELS extra,Long Meadow,8.5,Wheat,87,10.235,8,1.279,,,,,
2011,3,ELS extra,Silver Lea,11.73,Wheat,142,12.106,8,1.513,,,,,
2011,3,ELS extra,Slade,7.93,Wheat,99,12.484,8,1.561,,,,,
2011,4,Cross-compliance,Lower Warren,9.85,Beans,15.387,1.562,3.4,0.459,National NOT regional yield data,,,,
2011,4,Cross-compliance,Ram Hill,10.96,Beans,17.063,1.557,3.4,0.458,National NOT regional yield data,,,,
2011,4,Cross-compliance,Sweet Plat,12.07,Beans,19.424,1.609,3.4,0.473,National NOT regional yield data,,,,
2011,4,Cross-compliance,Top warren,8.12,Beans,12.492,1.538,3.4,0.452,National NOT regional yield data,,,,
2011,4,ELS,Blackthorn Lane,14.12,Oilseed rape,76.5,5.418,4,1.354,,,,,
2011,4,ELS,Charlies,15.59,Beans,24.375,1.564,3.4,0.46,National NOT regional yield data,,,,
2011,4,ELS,Planks,15.1,Beans,23.004,1.523,3.4,0.448,National NOT regional yield data,,,,
2011,4,ELS,Rushy Mead,12.22,Oilseed rape,66.75,5.462,4,1.366,,,,,
2011,4,ELS extra,Churchill meadow,18.24,Oilseed rape,92.25,5.058,4,1.264,,,,,
2011,4,ELS extra,Palmers Hill,20.95,Oilseed rape,123,5.871,4,1.468,,,,,
2011,4,ELS extra,Richardsons,14.38,Oilseed rape,75,5.216,4,1.304,,,,,
2011,5,Cross-compliance,Great Ground East,11.76,Oilseed rape,39,3.316,4,0.829,,,,,
2011,5,Cross-compliance,Great Ground West,25.32,Oilseed rape,70.5,2.784,4,0.696,,,,,
2011,5,Cross-compliance,Ivy Ground,15.77,Oilseed rape,45,2.854,4,0.713,,,,,
2011,5,ELS,Cow House,3.31,Oilseed rape,11.25,3.399,4,0.85,,,,,
2011,5,ELS,Dicksons,9.73,Oilseed rape,33,3.392,4,0.848,,,,,
2011,5,ELS,East Field,6.67,Oilseed rape,34.5,5.172,4,1.293,,,,,
2011,5,ELS,Syd's Piece,14.65,Oilseed rape,45.75,3.123,4,0.781,,,,,
2011,5,ELS,Tithe Meadow,22.24,Oilseed rape,85.5,3.844,4,0.961,,,,,
2011,5,ELS extra,Hill Leys.A,26.85,Oilseed rape,101.25,3.771,4,0.943,,,,,
2011,5,ELS extra,Owl House,8.77,Oilseed rape,33.75,3.848,4,0.962,,,,,
2011,5,ELS extra,Snipe Hill,27.6,Oilseed rape,121.5,4.402,4,1.101,,,,,